L_var_ID	chr	start	stop	orientation	SPU.hit	SPU.pident	SPU.evalue	SPU.common_name	SPU.family	SPU.description	uniprot.hit	uniprot.ID	uniprot.pident	uniprot.evalue	uniprot.name	uniprot.description	uniprot.GO	uniprot.organism	refseq.hit	refseq.pident	refseq.evalue	refseq.description	refseq.organism
L_var_00003-RA	chr1	263549	266302	-	SPU_026502	46.875	5.63e-29	none	none	none	NA	NA	NA	NA	NA	NA	NA	NA	XP_022083957.1	75	2e-140	uncharacterized protein LOC110975636	[Acanthaster planci]
L_var_00004-RA	chr1	270200	274107	-	SPU_025739	76.442	1.07e-107	Sp-RtL_62	GIY-YIG superfamily	reverse transcriptase-like-62	NA	NA	NA	NA	NA	NA	NA	NA	XP_022110638.1	44.954	3.35e-55	uncharacterized protein LOC110990109	[Acanthaster planci]
L_var_00006-RA	chr1	333017	333319	-	SPU_010392	57.471	9.46e-33	Sp-Fut8_2	NodZ superfamily	fucosyltransferase 8-2	Q6EV76	FUT8_RAT	45.679	8.75e-21	Fut8	Alpha-(1,6)-fucosyltransferase (Alpha1-6FucT) (EC 2.4.1.68) (GDP-L-Fuc:N-acetyl-beta-D-glucosaminide alpha1,6-fucosyltransferase) (GDP-fucose--glycoprotein fucosyltransferase) (Glycoprotein 6-alpha-L-fucosyltransferase)	Golgi cisterna membrane [GO:0032580]; integral component of membrane [GO:0016021]; alpha-(1->6)-fucosyltransferase activity [GO:0046921]; glycoprotein 6-alpha-L-fucosyltransferase activity [GO:0008424]; SH3 domain binding [GO:0017124]; cell migration [GO:0016477]; GDP-L-fucose metabolic process [GO:0046368]; integrin-mediated signaling pathway [GO:0007229]; N-glycan fucosylation [GO:0036071]; N-glycan processing [GO:0006491]; protein glycosylation in Golgi [GO:0033578]; protein N-linked glycosylation [GO:0006487]; protein N-linked glycosylation via asparagine [GO:0018279]; receptor metabolic process [GO:0043112]; regulation of cellular response to oxidative stress [GO:1900407]; regulation of gene expression [GO:0010468]; respiratory gaseous exchange by respiratory system [GO:0007585]; transforming growth factor beta receptor signaling pathway [GO:0007179]	Rattus norvegicus (Rat)	XP_025104219.1	43.299	1.14e-19	alpha-(1,6)-fucosyltransferase-like isoform X1	[Pomacea canaliculata]
L_var_00005-RA	chr1	327275	327457	-	SPU_003936	59.375	8.24e-07	none	none	none	NA	NA	NA	NA	NA	NA	NA	NA	NA	NA	NA	NA	NA
L_var_00015-RA	chr1	749875	750114	-	SPU_024570	58.667	1.35e-22	none	none	none	NA	NA	NA	NA	NA	NA	NA	NA	XP_030765419.1	50.769	1.55e-08	uncharacterized protein LOC115889529 isoform X1	[Sitophilus oryzae]
L_var_00012-RA	chr1	701728	702267	-	SPU_023787	30.894	8.25e-13	none	none	none	NA	NA	NA	NA	NA	NA	NA	NA	XP_029194839.1	43.939	3.4e-10	uncharacterized protein LOC114960584	[Acropora millepora]
L_var_00016-RA	chr1	914734	919751	-	SPU_011183	35.363	1.87e-72	Sp-Hypp_1967	MULE superfamily	hypothetical protein-1967	NA	NA	NA	NA	NA	NA	NA	NA	XP_025087192.1	35.35	1.02e-100	uncharacterized protein LOC112559914 isoform X2	[Pomacea canaliculata]
L_var_00019-RA	chr1	1075119	1075274	-	SPU_010041	48.837	1.55e-11	none	none	none	NA	NA	NA	NA	NA	NA	NA	NA	NA	NA	NA	NA	NA
L_var_00021-RA	chr1	1259424	1279897	-	SPU_026804	51.867	0	Sp-PppL_150	DUF1759 superfamily, RT-like superfamily, peptidase_A17 superfamily	pol polyprotein like-150	P10394	POL4_DROME	31.438	1.8e-38	POL	Retrovirus-related Pol polyprotein from transposon 412 [Includes: Protease (EC 3.4.23.-); Reverse transcriptase (EC 2.7.7.49); Endonuclease]	aspartic-type endopeptidase activity [GO:0004190]; endonuclease activity [GO:0004519]; nucleic acid binding [GO:0003676]; RNA-directed DNA polymerase activity [GO:0003964]; DNA integration [GO:0015074]	Drosophila melanogaster (Fruit fly)	XP_021365289.1	46.831	0	uncharacterized protein LOC110458063	[Mizuhopecten yessoensis]
L_var_00024-RA	chr1	1355262	1362566	-	SPU_009574	41.743	2.09e-30	Sp-PolppL_84	rve superfamily, RT-like superfamily, RnaseH superfamily	pol polyprotein-like-84; zinc finger (CCHC)-26-like	NA	NA	NA	NA	NA	NA	NA	NA	XP_006813839.1	55.233	2.05e-36	PREDICTED: uncharacterized protein LOC100372062	[Saccoglossus kowalevskii]
L_var_00022-RA	chr1	1279972	1281201	-	SPU_009574	38.381	1.13e-57	Sp-PolppL_84	rve superfamily, RT-like superfamily, RnaseH superfamily	pol polyprotein-like-84; zinc finger (CCHC)-26-like	NA	NA	NA	NA	NA	NA	NA	NA	XP_006813839.1	45.337	3.94e-78	PREDICTED: uncharacterized protein LOC100372062	[Saccoglossus kowalevskii]
L_var_00025-RA	chr1	1363214	1368698	-	NA	NA	NA	NA	NA	NA	NA	NA	NA	NA	NA	NA	NA	NA	NA	NA	NA	NA	NA
L_var_00027-RA	chr1	1443014	1457280	-	SPU_026068	53.107	5.97e-52	none	none	none	NA	NA	NA	NA	NA	NA	NA	NA	NA	NA	NA	NA	NA
L_var_00029-RA	chr1	1630290	1640074	-	NA	NA	NA	NA	NA	NA	NA	NA	NA	NA	NA	NA	NA	NA	XP_011432796.1	29.358	4.03e-46	PREDICTED: uncharacterized protein LOC105332054	[Crassostrea gigas]
L_var_00028-RA	chr1	1629445	1630251	-	NA	NA	NA	NA	NA	NA	NA	NA	NA	NA	NA	NA	NA	NA	XP_028403982.1	28.832	3.5e-22	uncharacterized protein LOC114526581	[Dendronephthya gigantea]
L_var_00032-RA	chr1	1728347	1734388	-	SPU_023600	69.723	0	Sp-Hypp_1091	hATC superfamily	hypothetical protein-1091; transposase-like	P21328	RTJK_DROME	29.474	1.67e-19	pol	RNA-directed DNA polymerase from mobile element jockey (EC 2.7.7.49) (Reverse transcriptase)	RNA-directed DNA polymerase activity [GO:0003964]	Drosophila melanogaster (Fruit fly)	XP_028414247.1	32.429	1.12e-104	uncharacterized protein LOC114537304	[Dendronephthya gigantea]
L_var_00036-RA	chr1	1757866	1760646	-	SPU_000142	41.509	3.77e-13	Sp-Col18a1Lf	collagen-type XV/XVIII	none	NA	NA	NA	NA	NA	NA	NA	NA	XP_022300425.1	33.621	3.48e-10	uncharacterized protein LOC111108680	[Crassostrea virginica]
L_var_00034-RA	chr1	1742541	1746611	-	SPU_008571	39.312	1.85e-83	Sp-PolypL_939	RVP superfamily, RT-like	polyprotein-like-39	Q09575	YRD6_CAEEL	31.72	2.9e-42		Uncharacterized protein K02A2.6	nucleic acid binding [GO:0003676]; zinc ion binding [GO:0008270]; DNA integration [GO:0015074]	Caenorhabditis elegans	XP_029180312.1	47.438	0	uncharacterized protein K02A2.6-like	[Acropora millepora]
L_var_00038-RA	chr1	1851013	1851396	-	SPU_006883	44.715	1.83e-33	none	none	none	NA	NA	NA	NA	NA	NA	NA	NA	XP_029195340.1	52.033	7.24e-35	uncharacterized protein LOC114960963	[Acropora millepora]
L_var_00041-RA	chr1	1962109	1963550	-	SPU_001136	41.734	4.63e-88	Sp-Pgbd4L	none	piggyBac transposable element derived 4-like	Q96DM1	PGBD4_HUMAN	30.925	2.67e-38	PGBD4	PiggyBac transposable element-derived protein 4		Homo sapiens (Human)	XP_015771325.1	42.286	1.06e-82	PREDICTED: piggyBac transposable element-derived protein 4-like	[Acropora digitifera]
L_var_00040-RA	chr1	1961686	1962024	-	SPU_001136	36	1.67e-14	Sp-Pgbd4L	none	piggyBac transposable element derived 4-like	Q96DM1	PGBD4_HUMAN	28.571	1.32e-06	PGBD4	PiggyBac transposable element-derived protein 4		Homo sapiens (Human)	XP_015749481.1	43.478	3.27e-19	PREDICTED: piggyBac transposable element-derived protein 4-like	[Acropora digitifera]
L_var_00043-RA	chr1	2065213	2065821	-	SPU_009380	51.961	3.6e-67	Sp-Endrvt69	RT-like superfamily	endonuclease-reverse transcriptase-69	NA	NA	NA	NA	NA	NA	NA	NA	XP_015767967.1	42.021	4.44e-44	PREDICTED: RNA-directed DNA polymerase from mobile element jockey-like	[Acropora digitifera]
L_var_00048-RA	chr1	2391009	2399688	-	SPU_025648	50.649	6e-94	Sp-Harbi1_3	none	harbinger transposase derived 1-3	Q96MB7	HARB1_HUMAN	33.77	4.84e-50	HARBI1	Putative nuclease HARBI1 (EC 3.1.-.-) (Harbinger transposase-derived nuclease)	centriolar satellite [GO:0034451]; cytosol [GO:0005829]; nucleus [GO:0005634]; plasma membrane [GO:0005886]; metal ion binding [GO:0046872]; nuclease activity [GO:0004518]	Homo sapiens (Human)	XP_028390792.1	42.122	4.84e-73	putative nuclease HARBI1	[Dendronephthya gigantea]
L_var_00049-RA	chr1	2401571	2401996	-	SPU_018344	43.511	1.62e-29	none	none	none	NA	NA	NA	NA	NA	NA	NA	NA	XP_029188002.1	42.446	3.18e-27	uncharacterized protein LOC114955338	[Acropora millepora]
L_var_00054-RA	chr1	2563786	2564097	-	SPU_001734	61.111	3.52e-32	none	none	none	Q6AZB8	HARB1_DANRE	41.791	1.57e-09	harbi1	Putative nuclease HARBI1 (EC 3.1.-.-) (Harbinger transposase-derived nuclease)	cytoplasm [GO:0005737]; nucleus [GO:0005634]; metal ion binding [GO:0046872]; nuclease activity [GO:0004518]	Danio rerio (Zebrafish) (Brachydanio rerio)	XP_022101697.1	52.564	4.71e-22	putative nuclease HARBI1	[Acanthaster planci]
L_var_00055-RA	chr1	2587146	2588684	-	SPU_023240	51.481	1.49e-96	Sp-Endrvt46	Exo_endo_phos superfamily, RT-like superfamily	endonuclease-reverse transcriptase-46	Q9NBX4	RTXE_DROME	27.446	6.22e-37	X-element\ORF2	Probable RNA-directed DNA polymerase from transposon X-element (EC 2.7.7.49) (Reverse transcriptase)	RNA-directed DNA polymerase activity [GO:0003964]; transposition, DNA-mediated [GO:0006313]	Drosophila melanogaster (Fruit fly)	XP_015777278.1	39.37	2.91e-113	PREDICTED: RNA-directed DNA polymerase from mobile element jockey-like	[Acropora digitifera]
L_var_00057-RA	chr1	2668127	2668867	-	SPU_024549	67.213	3.91e-120	none	none	none	NA	NA	NA	NA	NA	NA	NA	NA	XP_008485590.1	28.512	2.43e-18	uncharacterized protein LOC103522263	[Diaphorina citri]
L_var_00056-RA	chr1	2611789	2611863	-	NA	NA	NA	NA	NA	NA	NA	NA	NA	NA	NA	NA	NA	NA	NA	NA	NA	NA	NA
L_var_00058-RA	chr1	2697052	2697402	-	NA	NA	NA	NA	NA	NA	NA	NA	NA	NA	NA	NA	NA	NA	NA	NA	NA	NA	NA
L_var_00065-RA	chr1	2859420	2863794	-	SPU_011498	55.491	9.47e-60	Sp-Rergl1	Ras family	Ras-like estrogen-regulated, growth inhibitor Like 1	NA	NA	NA	NA	NA	NA	NA	NA	XP_015751870.1	36.364	1.55e-32	PREDICTED: uncharacterized protein LOC107331757	[Acropora digitifera]
L_var_00061-RA	chr1	2799529	2811119	-	SPU_027464	74.627	1.51e-26	Sp-Hypp_1203	none	hypothetical protein-1203	NA	NA	NA	NA	NA	NA	NA	NA	XP_006822337.1	70.149	3.06e-25	PREDICTED: uncharacterized protein LOC102802034	[Saccoglossus kowalevskii]
L_var_00066-RA	chr1	2942844	2945606	-	NA	NA	NA	NA	NA	NA	NA	NA	NA	NA	NA	NA	NA	NA	XP_001640808.1	42.982	1.47e-22	predicted protein	[Nematostella vectensis]
L_var_00068-RA	chr1	3027274	3044198	-	SPU_003200	57.303	2.95e-143	Sp-Nlr9	NLR	NACHT and LRR  containing protein	NA	NA	NA	NA	NA	NA	NA	NA	NA	NA	NA	NA	NA
L_var_00069-RA	chr1	3130852	3134065	-	SPU_024865	47.321	3.1e-28	Sp-Tpase9	none	transposase 9	NA	NA	NA	NA	NA	NA	NA	NA	XP_022168059.1	35.238	1.32e-11	uncharacterized protein LOC111032138	[Myzus persicae]
L_var_00073-RA	chr1	3275885	3276553	-	SPU_009330	55.435	1.7e-39	Sp-PppL_253	RT-like superfamily	pol polyprotein like-253	NA	NA	NA	NA	NA	NA	NA	NA	NA	NA	NA	NA	NA
L_var_00075-RA	chr1	3426880	3431782	-	NA	NA	NA	NA	NA	NA	NA	NA	NA	NA	NA	NA	NA	NA	NA	NA	NA	NA	NA
L_var_00077-RA	chr1	3543935	3548941	-	SPU_026107	32.797	3.97e-39	none	none	none	NA	NA	NA	NA	NA	NA	NA	NA	XP_015770140.1	38.889	4.16e-16	PREDICTED: myb/SANT-like DNA-binding domain-containing protein 4	[Acropora digitifera]
L_var_00079-RA	chr1	3563604	3578359	-	SPU_016642	63.924	1.18e-55	Sp-Hypp_132	none	hypothetical protein-132; DNA polymerase	NA	NA	NA	NA	NA	NA	NA	NA	XP_028413853.1	45.513	1.27e-36	uncharacterized protein LOC114536697	[Dendronephthya gigantea]
L_var_00080-RA	chr1	3588033	3588440	-	SPU_015407	57.627	8.76e-19	none	none	none	O65154	KIWI_ARATH	32.673	1.3e-09	KIWI	RNA polymerase II transcriptional coactivator KIWI	nucleus [GO:0005634]; transcription factor complex [GO:0005667]; DNA binding [GO:0003677]; transcription coactivator activity [GO:0003713]; positive regulation of transcription initiation from RNA polymerase II promoter [GO:0060261]	Arabidopsis thaliana (Mouse-ear cress)	XP_018916495.1	53.704	4.23e-13	PREDICTED: RNA polymerase II transcriptional coactivator	[Bemisia tabaci]
L_var_00084-RA	chr1	3699125	3709425	-	SPU_003796	84.615	8.28e-25	none	none	none	Q96MB7	HARB1_HUMAN	40.385	1.55e-07	HARBI1	Putative nuclease HARBI1 (EC 3.1.-.-) (Harbinger transposase-derived nuclease)	centriolar satellite [GO:0034451]; cytosol [GO:0005829]; nucleus [GO:0005634]; plasma membrane [GO:0005886]; metal ion binding [GO:0046872]; nuclease activity [GO:0004518]	Homo sapiens (Human)	XP_011566667.1	55.072	1.94e-13	PREDICTED: putative nuclease HARBI1	[Plutella xylostella]
L_var_00087-RA	chr1	3850873	3854063	-	NA	NA	NA	NA	NA	NA	NA	NA	NA	NA	NA	NA	NA	NA	NA	NA	NA	NA	NA
L_var_00089-RA	chr1	3903594	3904448	-	SPU_019055	49.451	3.01e-90	Sp-Hypp_926	Exo_endo_phos superfamily	hypothetical protein-926; replicase/helicase/endonuclease-like	NA	NA	NA	NA	NA	NA	NA	NA	XP_015751870.1	36.131	1.96e-53	PREDICTED: uncharacterized protein LOC107331757	[Acropora digitifera]
L_var_00090-RA	chr1	3965834	3966211	-	SPU_025907	78.261	6.77e-43	none	none	none	NA	NA	NA	NA	NA	NA	NA	NA	XP_029195340.1	42	4.48e-19	uncharacterized protein LOC114960963	[Acropora millepora]
L_var_00093-RA	chr1	4018385	4019233	-	NA	NA	NA	NA	NA	NA	NA	NA	NA	NA	NA	NA	NA	NA	NA	NA	NA	NA	NA
L_var_00095-RA	chr1	4059086	4061687	-	SPU_002397	35.121	2.37e-39	Sp-Hypp_355	none	hypothetical protein-355; endonuclease-reverse transcriptase-like	NA	NA	NA	NA	NA	NA	NA	NA	NA	NA	NA	NA	NA
L_var_00094-RA	chr1	4028562	4037617	-	SPU_027111	44.681	8.17e-08	Sp-Mdc1L	BRCT domain	mediator of DNA damage checkpoint 1-like, Sp-Swift, Sp-Hypp_165	NA	NA	NA	NA	NA	NA	NA	NA	XP_028401812.1	46.552	8.54e-09	uncharacterized protein LOC114524820 isoform X2	[Dendronephthya gigantea]
L_var_00092-RA	chr1	3999788	4000189	-	NA	NA	NA	NA	NA	NA	NA	NA	NA	NA	NA	NA	NA	NA	NA	NA	NA	NA	NA
L_var_00096-RA	chr1	4095046	4095899	-	NA	NA	NA	NA	NA	NA	NA	NA	NA	NA	NA	NA	NA	NA	NA	NA	NA	NA	NA
L_var_00099-RA	chr1	4131986	4137221	-	SPU_017911	70.44	2.01e-72	none	none	none	NA	NA	NA	NA	NA	NA	NA	NA	XP_022311415.1	51.592	3.45e-43	uncharacterized protein LOC111116717	[Crassostrea virginica]
L_var_00098-RA	chr1	4112873	4115533	-	SPU_026896	48.071	0	Sp-Hypp_262	RT-like superfamily, 7TM GPCR_2 superfamily	hypothetical protein-262; transposon-originated reverse transcriptase-like	P21328	RTJK_DROME	25.173	1.32e-25	pol	RNA-directed DNA polymerase from mobile element jockey (EC 2.7.7.49) (Reverse transcriptase)	RNA-directed DNA polymerase activity [GO:0003964]	Drosophila melanogaster (Fruit fly)	XP_028414247.1	33.667	5.45e-151	uncharacterized protein LOC114537304	[Dendronephthya gigantea]
L_var_00103-RA	chr1	4346735	4371274	-	SPU_017293	65.2	3.7e-101	Sp-Helz2L4	RNB domain,  AAA domain	helicase with zinc finger 2, transcriptional coactivator-like, PPAR-alpha-interacting complex protein 285 (Pric285)-like, PPAR-gamma DBD-interacting protein 1 (PDIP1)-like, Sp-Pric285, Sp-Pric285_6, Sp-Hypp_2318	Q9BYK8	HELZ2_HUMAN	36.327	1.48e-39	HELZ2	Helicase with zinc finger domain 2 (ATP-dependent helicase PRIC285) (Helicase with zinc finger 2, transcriptional coactivator) (PPAR-alpha-interacting complex protein 285) (PPAR-gamma DNA-binding domain-interacting protein 1) (PDIP1) (PPAR-gamma DBD-interacting protein 1) (Peroxisomal proliferator-activated receptor A-interacting complex 285 kDa protein) (EC 3.6.4.-)	cytoplasm [GO:0005737]; membrane [GO:0016020]; nucleoplasm [GO:0005654]; ATP binding [GO:0005524]; DNA binding [GO:0003677]; metal ion binding [GO:0046872]; nuclear receptor transcription coactivator activity [GO:0030374]; ribonuclease activity [GO:0004540]; RNA binding [GO:0003723]; RNA helicase activity [GO:0003724]; nuclear-transcribed mRNA catabolic process, nonsense-mediated decay [GO:0000184]; positive regulation of transcription by RNA polymerase II [GO:0045944]; regulation of lipid metabolic process [GO:0019216]	Homo sapiens (Human)	XP_022079225.1	49.6	1.6e-66	LOW QUALITY PROTEIN: helicase with zinc finger domain 2-like	[Acanthaster planci]
L_var_00109-RA	chr1	4508199	4509527	-	SPU_017651	78.153	0	Sp-Hypp2350	none	hypothetical protein-2350, Sp-Hypp_2350, Sp-Hypp_1328	P34456	YMD2_CAEEL	27.88	1.31e-39		Uncharacterized protein F54H12.2	cytosol [GO:0005829]; ribonucleoside-diphosphate reductase activity, thioredoxin disulfide as acceptor [GO:0004748]; deoxyribonucleotide biosynthetic process [GO:0009263]	Caenorhabditis elegans	XP_022110344.1	53.153	6.04e-175	uncharacterized protein F54H12.2-like	[Acanthaster planci]
L_var_00110-RA	chr1	4509563	4510535	-	SPU_020023	70.115	1.59e-35	Sp-Icdc	rve superfamily	integrase core domain-containing protein	NA	NA	NA	NA	NA	NA	NA	NA	XP_031356632.1	42.268	2.8e-15	uncharacterized protein F54H12.2-like	[Photinus pyralis]
L_var_00111-RA	chr1	4640738	4649518	-	SPU_019280	48.421	3.99e-18	none	none	none	NA	NA	NA	NA	NA	NA	NA	NA	NA	NA	NA	NA	NA
L_var_00112-RA	chr1	4714952	4728120	-	SPU_002488	42.857	6.07e-41	Sp-Galnac4s-6stL_2	none	B-cell RAG-associated gene protein-like-2; N-acetylgalactosamine 4-sulfate 6-O-sulfotransferase-like-2	Q7LFX5	CHSTF_HUMAN	31.944	5.04e-24	CHST15	Carbohydrate sulfotransferase 15 (EC 2.8.2.33) (B-cell RAG-associated gene protein) (hBRAG) (N-acetylgalactosamine 4-sulfate 6-O-sulfotransferase) (GalNAc4S-6ST)	Golgi membrane [GO:0000139]; integral component of membrane [GO:0016021]; 3'-phosphoadenosine 5'-phosphosulfate binding [GO:0050656]; N-acetylgalactosamine 4-sulfate 6-O-sulfotransferase activity [GO:0050659]; chondroitin sulfate biosynthetic process [GO:0030206]; hexose biosynthetic process [GO:0019319]	Homo sapiens (Human)	XP_022104259.1	34.783	3.7e-23	carbohydrate sulfotransferase 15-like	[Acanthaster planci]
L_var_00116-RA	chr1	4863692	4867812	-	SPU_005859	76.842	1.1e-49	none	none	none	NA	NA	NA	NA	NA	NA	NA	NA	XP_021363674.1	62.698	2e-46	putative nuclease HARBI1	[Mizuhopecten yessoensis]
L_var_00117-RA	chr1	4867935	4868573	-	SPU_005671	65.385	1.33e-90	Sp-Hypp_1595	plant_transs superfamily	hypothetical protein-1595	NA	NA	NA	NA	NA	NA	NA	NA	XP_021363674.1	62.871	1.74e-85	putative nuclease HARBI1	[Mizuhopecten yessoensis]
L_var_00118-RA	chr1	4881804	4889991	-	SPU_007923	40.948	1.35e-48	Sp-Hypp_532	none	hypothetical protein-532	NA	NA	NA	NA	NA	NA	NA	NA	NA	NA	NA	NA	NA
L_var_00119-RA	chr1	4906426	4919860	-	NA	NA	NA	NA	NA	NA	NA	NA	NA	NA	NA	NA	NA	NA	NA	NA	NA	NA	NA
L_var_00120-RA	chr1	4989772	5008441	-	NA	NA	NA	NA	NA	NA	NA	NA	NA	NA	NA	NA	NA	NA	XP_020619804.1	27.072	9.82e-11	uncharacterized protein LOC110057553	[Orbicella faveolata]
L_var_00121-RA	chr1	5015315	5016699	-	SPU_028869	72.222	1.45e-11	Sp-Gagpol10	RnaseH superfamily, rve superfamily	gag-pol polyprotein-10	NA	NA	NA	NA	NA	NA	NA	NA	XP_014668899.1	57.895	9.9e-07	PREDICTED: uncharacterized protein K02A2.6-like	[Priapulus caudatus]
L_var_00122-RA	chr1	5170237	5175615	-	SPU_001045	96.065	0	Sp-Btub2_1	beta-tubulin	none	P30883	TBB4_XENLA	90.21	0	tubb4	Tubulin beta-4 chain	cytoplasm [GO:0005737]; microtubule [GO:0005874]; GTP binding [GO:0005525]; GTPase activity [GO:0003924]; structural constituent of cytoskeleton [GO:0005200]; microtubule-based process [GO:0007017]	Xenopus laevis (African clawed frog)	XP_014780546.1	90.21	0	PREDICTED: tubulin beta-4B chain	[Octopus bimaculoides]
L_var_00126-RA	chr1	5335661	5360390	-	SPU_026032	90.769	4.76e-81	none	none	none	Q9Y2L1	RRP44_HUMAN	45.192	3.8e-22	DIS3	Exosome complex exonuclease RRP44 (EC 3.1.13.-) (EC 3.1.26.-) (Protein DIS3 homolog) (Ribosomal RNA-processing protein 44)	cytoplasmic exosome (RNase complex) [GO:0000177]; cytosol [GO:0005829]; exosome (RNase complex) [GO:0000178]; membrane [GO:0016020]; nuclear exosome (RNase complex) [GO:0000176]; nucleoplasm [GO:0005654]; 3'-5'-exoribonuclease activity [GO:0000175]; endonuclease activity [GO:0004519]; guanyl-nucleotide exchange factor activity [GO:0005085]; RNA binding [GO:0003723]; CUT catabolic process [GO:0071034]; exonucleolytic catabolism of deadenylated mRNA [GO:0043928]; regulation of mRNA stability [GO:0043488]; rRNA catabolic process [GO:0016075]; rRNA processing [GO:0006364]	Homo sapiens (Human)	XP_022091521.1	53.077	1.38e-34	exosome complex exonuclease RRP44-like	[Acanthaster planci]
L_var_00124-RA	chr1	5309909	5318986	-	SPU_021470	72.352	0	Sp-Ids_3	none	Iduronate 2-sulfatase precursor (Alpha-L-iduronate sulfate sulfatase) (Idursulfase) [Contains: Iduronate 2-sulfatase 42 kDa chain; Iduronate 2-sulfatase 14 kDa chain]  	Q08890	IDS_MOUSE	39.626	4.91e-130	Ids	Iduronate 2-sulfatase (EC 3.1.6.13) (Alpha-L-iduronate sulfate sulfatase)	lysosome [GO:0005764]; calcium ion binding [GO:0005509]; iduronate-2-sulfatase activity [GO:0004423]; sulfuric ester hydrolase activity [GO:0008484]; glycosaminoglycan catabolic process [GO:0006027]	Mus musculus (Mouse)	XP_006814432.1	47.359	1.68e-171	PREDICTED: iduronate 2-sulfatase-like	[Saccoglossus kowalevskii]
L_var_00123-RA	chr1	5269749	5288955	-	SPU_022646	91.761	0	Sp-Ogt	none	UDP-N-acatylglucosamine: polypeptide-N-acetylglucosaminyl transferase 	P56558	OGT1_RAT	76.465	0	Ogt	UDP-N-acetylglucosamine--peptide N-acetylglucosaminyltransferase 110 kDa subunit (EC 2.4.1.255) (O-GlcNAc transferase subunit p110) (O-linked N-acetylglucosamine transferase 110 kDa subunit) (OGT)	cell [GO:0005623]; cytoplasm [GO:0005737]; cytosol [GO:0005829]; euchromatin [GO:0000791]; histone acetyltransferase complex [GO:0000123]; mitochondrial membrane [GO:0031966]; mitochondrion [GO:0005739]; neuron projection [GO:0043005]; neuronal cell body [GO:0043025]; nucleus [GO:0005634]; plasma membrane [GO:0005886]; protein N-acetylglucosaminyltransferase complex [GO:0017122]; protein-containing complex [GO:0032991]; zymogen granule [GO:0042588]; identical protein binding [GO:0042802]; monosaccharide binding [GO:0048029]; peptide binding [GO:0042277]; phosphatidylinositol-3,4,5-trisphosphate binding [GO:0005547]; protein domain specific binding [GO:0019904]; protein N-acetylglucosaminyltransferase activity [GO:0016262]; protein O-GlcNAc transferase activity [GO:0097363]; protein-containing complex binding [GO:0044877]; transcription factor binding [GO:0008134]; apoptotic process [GO:0006915]; cellular response to glucose stimulus [GO:0071333]; cellular response to insulin stimulus [GO:0032869]; cellular response to lipopolysaccharide [GO:0071222]; cellular response to toxic substance [GO:0097237]; circadian regulation of gene expression [GO:0032922]; forebrain development [GO:0030900]; glucosamine metabolic process [GO:0006041]; histone H3-K4 trimethylation [GO:0080182]; histone H4-K16 acetylation [GO:0043984]; histone H4-K5 acetylation [GO:0043981]; histone H4-K8 acetylation [GO:0043982]; intracellular distribution of mitochondria [GO:0048312]; negative regulation of cell death [GO:0060548]; negative regulation of cellular response to hypoxia [GO:1900038]; negative regulation of peptidyl-serine phosphorylation [GO:0033137]; negative regulation of peptidyl-threonine phosphorylation [GO:0010801]; negative regulation of proteasomal ubiquitin-dependent protein catabolic process [GO:0032435]; negative regulation of protein phosphorylation [GO:0001933]; negative regulation of protein targeting to membrane [GO:0090315]; negative regulation of protein ubiquitination [GO:0031397]; phosphatidylinositol-mediated signaling [GO:0048015]; positive regulation of cell size [GO:0045793]; positive regulation of cold-induced thermogenesis [GO:0120162]; positive regulation of gene expression [GO:0010628]; positive regulation of histone H3-K27 methylation [GO:0061087]; positive regulation of protein localization to nucleus [GO:1900182]; positive regulation of protein phosphorylation [GO:0001934]; positive regulation of proteolysis [GO:0045862]; positive regulation of reactive oxygen species biosynthetic process [GO:1903428]; positive regulation of transcription by RNA polymerase II [GO:0045944]; protein O-linked glycosylation [GO:0006493]; protein processing [GO:0016485]; regulation of gluconeogenesis [GO:0006111]; regulation of glycolytic process [GO:0006110]; regulation of insulin receptor signaling pathway [GO:0046626]; regulation of Rac protein signal transduction [GO:0035020]; regulation of transcription by RNA polymerase II [GO:0006357]; response to insulin [GO:0032868]	Rattus norvegicus (Rat)	XP_011151619.1	76.833	0	UDP-N-acetylglucosamine--peptide N-acetylglucosaminyltransferase 110 kDa subunit isoform X3	[Harpegnathos saltator]
L_var_00127-RA	chr1	5416503	5439107	-	SPU_014657	69.355	0	Sp-Dis3	RNB superfamily	DIS3 mitotic control homolog (S. cerevisiae)	Q9CSH3	RRP44_MOUSE	41.91	4.3e-122	Dis3	Exosome complex exonuclease RRP44 (EC 3.1.13.-) (EC 3.1.26.-) (Protein DIS3 homolog) (Ribosomal RNA-processing protein 44)	cytoplasmic exosome (RNase complex) [GO:0000177]; cytosol [GO:0005829]; exosome (RNase complex) [GO:0000178]; nuclear exosome (RNase complex) [GO:0000176]; nucleolus [GO:0005730]; nucleoplasm [GO:0005654]; 3'-5'-exoribonuclease activity [GO:0000175]; endonuclease activity [GO:0004519]; guanyl-nucleotide exchange factor activity [GO:0005085]; RNA binding [GO:0003723]; CUT catabolic process [GO:0071034]; rRNA catabolic process [GO:0016075]; rRNA processing [GO:0006364]	Mus musculus (Mouse)	XP_022091521.1	48.35	2.71e-156	exosome complex exonuclease RRP44-like	[Acanthaster planci]
L_var_00131-RA	chr1	5562369	5572028	-	SPU_010088	38.397	1.5e-103	Sp-Hypp_1897	MFS superfamily	hypothetical protein-1897; solute carrier family 16 (monocarboxylic acid transporters)-like	Q7RTX9	MOT14_HUMAN	22.173	2e-08	SLC16A14	Monocarboxylate transporter 14 (MCT 14) (Solute carrier family 16 member 14)	integral component of membrane [GO:0016021]; plasma membrane [GO:0005886]; monocarboxylic acid transmembrane transporter activity [GO:0008028]; symporter activity [GO:0015293]	Homo sapiens (Human)	NA	NA	NA	NA	NA
L_var_00130-RA	chr1	5526786	5537473	-	SPU_027818	75.17	1.4e-157	Sp-Ctso	Inhibitor_I29 superfamily, peptidase_C1 superfamily	cathepsin O	Q8BM88	CATO_MOUSE	43.706	2.57e-73	Ctso	Cathepsin O (EC 3.4.22.42)	extracellular space [GO:0005615]; lysosome [GO:0005764]; cysteine-type endopeptidase activity [GO:0004197]; proteolysis involved in cellular protein catabolic process [GO:0051603]	Mus musculus (Mouse)	XP_022086465.1	48.276	1.76e-88	cathepsin O-like	[Acanthaster planci]
L_var_00133-RA	chr1	5624166	5652782	-	SPU_013114	65.507	5.28e-145	Sp-Hypp_2069	none	hypothetical protein-2069	Q95JR6	CNBD2_MACFA	30.412	3.2e-14	CNBD2	Cyclic nucleotide-binding domain-containing protein 2	cytosol [GO:0005829]; cAMP binding [GO:0030552]	Macaca fascicularis (Crab-eating macaque) (Cynomolgus monkey)	XP_022079614.1	44.154	1.13e-169	uncharacterized protein LOC110973242	[Acanthaster planci]
L_var_00134-RA	chr1	5654653	5672630	-	SPU_008640	77.919	0	Sp-Asah1_1	Ntn_hydrolase superfamily	N-acylsphingosine amidohydrolase (acid ceramidase) 1-1	A0A0P6JG37	ASAH1_HETGA	42.564	2.62e-114	ASAH1	Acid ceramidase (AC) (ACDase) (Acid CDase) (EC 3.5.1.23) [Cleaved into: Acid ceramidase subunit alpha; Acid ceramidase subunit beta]	extracellular space [GO:0005615]; lysosome [GO:0005764]; nucleus [GO:0005634]; ceramidase activity [GO:0102121]; N-acylsphingosine amidohydrolase activity [GO:0017040]; cellular response to tumor necrosis factor [GO:0071356]; ceramide biosynthetic process [GO:0046513]; ceramide catabolic process [GO:0046514]; keratinocyte differentiation [GO:0030216]; regulation of programmed necrotic cell death [GO:0062098]; regulation of steroid biosynthetic process [GO:0050810]; sphingosine biosynthetic process [GO:0046512]	Heterocephalus glaber (Naked mole rat)	XP_022106266.1	48.601	3.3e-141	acid ceramidase-like isoform X2	[Acanthaster planci]
L_var_00139-RA	chr1	5755502	5779027	-	SPU_008639	56.634	0	Sp-Acsf2_1	LuxE superfamily	acyl-CoA synthetase family member 2-1; acyl-CoA synthetase (bacterial)	Q0P4F7	ACSF2_DANRE	39.53	3.57e-99	acsf2	Medium-chain acyl-CoA ligase ACSF2, mitochondrial (EC 6.2.1.2)	mitochondrion [GO:0005739]; ATP binding [GO:0005524]; butyrate-CoA ligase activity [GO:0047760]; medium-chain fatty acid-CoA ligase activity [GO:0031956]; fatty acid metabolic process [GO:0006631]	Danio rerio (Zebrafish) (Brachydanio rerio)	XP_006815592.1	42.004	1.76e-118	PREDICTED: acyl-CoA synthetase family member 2, mitochondrial-like	[Saccoglossus kowalevskii]
L_var_00137-RA	chr1	5689746	5710713	-	SPU_003687	48.397	5.12e-100	Sp-Cyp46L3	CYP46	Cytochrome P450 Family 46 related, CYP46, cholesterol 24-hydroxylase-related	Q9WVK8	CP46A_MOUSE	32.107	1.54e-38	Cyp46a1	Cholesterol 24-hydroxylase (CH24H) (EC 1.14.14.25) (Cholesterol 24-monooxygenase) (Cholesterol 24S-hydroxylase) (Cytochrome P450 46A1)	cell junction [GO:0030054]; dendrite [GO:0030425]; endoplasmic reticulum membrane [GO:0005789]; integral component of membrane [GO:0016021]; postsynapse [GO:0098794]; presynapse [GO:0098793]; cholesterol 24-hydroxylase activity [GO:0033781]; heme binding [GO:0020037]; iron ion binding [GO:0005506]; steroid hydroxylase activity [GO:0008395]; cholesterol catabolic process [GO:0006707]; progesterone metabolic process [GO:0042448]; regulation of long-term synaptic potentiation [GO:1900271]; xenobiotic metabolic process [GO:0006805]	Mus musculus (Mouse)	XP_022087544.1	39.55	1.35e-65	cholesterol 24-hydroxylase-like isoform X2	[Acanthaster planci]
L_var_00135-RA	chr1	5685544	5688664	-	SPU_015568	57.447	2.49e-35	Sp-Cyp46L9	none	Cytochrome p450 46 like, partial  (Cholesterol 24-hydroxylase	Q9Y6A2	CP46A_HUMAN	57.647	2.05e-26	CYP46A1	Cholesterol 24-hydroxylase (CH24H) (EC 1.14.14.25) (Cholesterol 24-monooxygenase) (Cholesterol 24S-hydroxylase) (Cytochrome P450 46A1)	cell junction [GO:0030054]; dendrite [GO:0030425]; endoplasmic reticulum [GO:0005783]; endoplasmic reticulum membrane [GO:0005789]; integral component of membrane [GO:0016021]; postsynapse [GO:0098794]; presynapse [GO:0098793]; cholesterol 24-hydroxylase activity [GO:0033781]; heme binding [GO:0020037]; iron ion binding [GO:0005506]; steroid hydroxylase activity [GO:0008395]; bile acid biosynthetic process [GO:0006699]; cholesterol catabolic process [GO:0006707]; nervous system development [GO:0007399]; progesterone metabolic process [GO:0042448]; regulation of long-term synaptic potentiation [GO:1900271]; sterol metabolic process [GO:0016125]; xenobiotic metabolic process [GO:0006805]	Homo sapiens (Human)	XP_022088637.1	57.895	2.77e-30	cholesterol 24-hydroxylase-like isoform X1	[Acanthaster planci]
L_var_00138-RA	chr1	5710822	5715872	-	SPU_027817	77.143	7.37e-13	none	none	none	NA	NA	NA	NA	NA	NA	NA	NA	NA	NA	NA	NA	NA
L_var_00141-RA	chr1	5806574	5828621	-	SPU_008638	68.282	1.16e-92	Sp-Narg1	TPR superfamily	NMDA receptor-regulated 1	Q9DBB4	NAA16_MOUSE	45.894	7.28e-48	Naa16	N-alpha-acetyltransferase 16, NatA auxiliary subunit (NMDA receptor-regulated 1-like protein) (NARG1-like protein)	cytoplasm [GO:0005737]; cytosol [GO:0005829]; NatA complex [GO:0031415]; peptide alpha-N-acetyltransferase activity [GO:0004596]; ribosome binding [GO:0043022]; N-terminal peptidyl-methionine acetylation [GO:0017196]; N-terminal protein amino acid acetylation [GO:0006474]; negative regulation of apoptotic process [GO:0043066]; protein stabilization [GO:0050821]	Mus musculus (Mouse)	XP_022099558.1	60.194	3.78e-68	N-alpha-acetyltransferase 15, NatA auxiliary subunit-like	[Acanthaster planci]
L_var_00142-RA	chr1	5835768	5848065	-	SPU_008638	96.154	1.69e-27	Sp-Narg1	TPR superfamily	NMDA receptor-regulated 1	Q9BXJ9	NAA15_HUMAN	50.476	5.53e-17	NAA15	N-alpha-acetyltransferase 15, NatA auxiliary subunit (Gastric cancer antigen Ga19) (N-terminal acetyltransferase) (NMDA receptor-regulated protein 1) (Protein tubedown-1) (Tbdn100)	cytoplasm [GO:0005737]; cytosol [GO:0005829]; membrane [GO:0016020]; NatA complex [GO:0031415]; nucleus [GO:0005634]; transcription factor complex [GO:0005667]; ribosome binding [GO:0043022]; RNA binding [GO:0003723]; angiogenesis [GO:0001525]; cell differentiation [GO:0030154]; N-terminal peptidyl-methionine acetylation [GO:0017196]; N-terminal protein amino acid acetylation [GO:0006474]; negative regulation of apoptotic process [GO:0043066]; positive regulation of transcription, DNA-templated [GO:0045893]; protein stabilization [GO:0050821]	Homo sapiens (Human)	XP_029204782.1	40.957	2.14e-27	N-alpha-acetyltransferase 15, NatA auxiliary subunit-like	[Acropora millepora]
L_var_00146-RA	chr1	5910705	5911019	-	SPU_027464	90.291	8.02e-59	Sp-Hypp_1203	none	hypothetical protein-1203	NA	NA	NA	NA	NA	NA	NA	NA	XP_006822337.1	86.408	1.02e-59	PREDICTED: uncharacterized protein LOC102802034	[Saccoglossus kowalevskii]
L_var_00145-RA	chr1	5910364	5910534	-	SPU_027464	88.235	1.24e-26	Sp-Hypp_1203	none	hypothetical protein-1203	NA	NA	NA	NA	NA	NA	NA	NA	XP_021343509.1	63.462	2.89e-14	protein ALP1-like	[Mizuhopecten yessoensis]
L_var_00148-RA	chr1	6064455	6078333	-	SPU_003274	56.069	1.53e-54	none	none	none	Q5ZLF0	F10A1_CHICK	41.196	1.2e-57	ST13	Hsc70-interacting protein (Hip) (Protein FAM10A1) (Protein ST13 homolog)	cytoplasm [GO:0005737]; heat shock protein binding [GO:0031072]; protein dimerization activity [GO:0046983]; chaperone cofactor-dependent protein refolding [GO:0051085]; chaperone-mediated protein folding [GO:0061077]; protein-containing complex assembly [GO:0065003]	Gallus gallus (Chicken)	XP_006823805.1	54.967	4.91e-58	PREDICTED: hsc70-interacting protein-like	[Saccoglossus kowalevskii]
L_var_00037-RA	chr1	1787612	1793772	+	NA	NA	NA	NA	NA	NA	NA	NA	NA	NA	NA	NA	NA	NA	XP_014675951.1	37.273	6.17e-15	PREDICTED: uncharacterized protein LOC106815933	[Priapulus caudatus]
L_var_00083-RA	chr1	3664625	3670851	+	NA	NA	NA	NA	NA	NA	NA	NA	NA	NA	NA	NA	NA	NA	NA	NA	NA	NA	NA
L_var_00140-RA	chr1	5785051	5797460	+	SPU_003399	31.601	1.61e-51	Sp-Hypp3088	none	hypothetical protein-3088, TCR domain containing; Sp-Hypp_3088	NA	NA	NA	NA	NA	NA	NA	NA	XP_028405219.1	29.098	2.34e-40	uncharacterized protein LOC114527720	[Dendronephthya gigantea]
L_var_00007-RA	chr1	348951	353942	+	SPU_006300	51.966	2.77e-132	Sp-Hypp474	none	hypothetical protein-474, Sp-Hypp_474	NA	NA	NA	NA	NA	NA	NA	NA	XP_015752492.1	38.631	3.06e-85	PREDICTED: uncharacterized protein LOC107332277	[Acropora digitifera]
L_var_00014-RA	chr1	735882	739880	+	SPU_001136	62.25	0	Sp-Pgbd4L	none	piggyBac transposable element derived 4-like	Q96DM1	PGBD4_HUMAN	32.727	6.65e-74	PGBD4	PiggyBac transposable element-derived protein 4		Homo sapiens (Human)	XP_029198153.1	38.752	7.47e-128	piggyBac transposable element-derived protein 4-like	[Acropora millepora]
L_var_00147-RA	chr1	5987983	6058854	+	SPU_007006	91.743	2.32e-146	Sp-Pde2a	HDc superfamily	phosphodiesterase 2A, cGMP-stimulated	Q01062	PDE2A_RAT	61.516	0	Pde2a	cGMP-dependent 3',5'-cyclic phosphodiesterase (EC 3.1.4.17) (Cyclic GMP-stimulated phosphodiesterase) (CGS-PDE) (cGSPDE)	axon [GO:0030424]; cytoplasm [GO:0005737]; cytosol [GO:0005829]; dendrite [GO:0030425]; endoplasmic reticulum [GO:0005783]; Golgi apparatus [GO:0005794]; hippocampal mossy fiber [GO:0097457]; membrane raft [GO:0045121]; mitochondrial inner membrane [GO:0005743]; mitochondrial matrix [GO:0005759]; mitochondrial outer membrane [GO:0005741]; mitochondrion [GO:0005739]; nucleus [GO:0005634]; perinuclear region of cytoplasm [GO:0048471]; plasma membrane [GO:0005886]; presynaptic membrane [GO:0042734]; synaptic membrane [GO:0097060]; 3',5'-cyclic-AMP phosphodiesterase activity [GO:0004115]; 3',5'-cyclic-GMP phosphodiesterase activity [GO:0047555]; cAMP binding [GO:0030552]; cGMP binding [GO:0030553]; cGMP-stimulated cyclic-nucleotide phosphodiesterase activity [GO:0004118]; drug binding [GO:0008144]; GAF domain binding [GO:0036004]; identical protein binding [GO:0042802]; magnesium ion binding [GO:0000287]; phosphate ion binding [GO:0042301]; protein homodimerization activity [GO:0042803]; TPR domain binding [GO:0030911]; zinc ion binding [GO:0008270]; adenylate cyclase-inhibiting G protein-coupled receptor signaling pathway [GO:0007193]; aorta development [GO:0035904]; cAMP-mediated signaling [GO:0019933]; cardiac septum development [GO:0003279]; cellular response to 2,3,7,8-tetrachlorodibenzodioxine [GO:1904613]; cellular response to cAMP [GO:0071320]; cellular response to cGMP [GO:0071321]; cellular response to drug [GO:0035690]; cellular response to granulocyte macrophage colony-stimulating factor stimulus [GO:0097011]; cellular response to lipopolysaccharide [GO:0071222]; cellular response to macrophage colony-stimulating factor stimulus [GO:0036006]; cellular response to mechanical stimulus [GO:0071260]; cellular response to transforming growth factor beta stimulus [GO:0071560]; cGMP catabolic process [GO:0046069]; cGMP-mediated signaling [GO:0019934]; coronary vasculature development [GO:0060976]; establishment of endothelial barrier [GO:0061028]; heart development [GO:0007507]; heart valve development [GO:0003170]; monocyte differentiation [GO:0030224]; negative regulation of cAMP-mediated signaling [GO:0043951]; negative regulation of cell death [GO:0060548]; negative regulation of cGMP-mediated signaling [GO:0010754]; negative regulation of oxidative phosphorylation [GO:0090324]; negative regulation of transcription by RNA polymerase II [GO:0000122]; negative regulation of vascular permeability [GO:0043116]; positive regulation of gene expression [GO:0010628]; positive regulation of inflammatory response [GO:0050729]; positive regulation of vascular permeability [GO:0043117]; regulation of mitochondrion organization [GO:0010821]; regulation of nitric oxide mediated signal transduction [GO:0010749]; response to hydrogen sulfide [GO:1904880]; ventricular septum development [GO:0003281]	Rattus norvegicus (Rat)	XP_022085011.1	71.189	0	cGMP-dependent 3',5'-cyclic phosphodiesterase-like isoform X7	[Acanthaster planci]
L_var_00091-RA	chr1	3968243	3969046	+	SPU_015580	50.704	1.99e-67	none	none	none	Q8K0T7	UN13C_MOUSE	28.659	6.7e-09	Unc13c	Protein unc-13 homolog C (Munc13-3)	calyx of Held [GO:0044305]; cell junction [GO:0030054]; neuromuscular junction [GO:0031594]; parallel fiber to Purkinje cell synapse [GO:0098688]; plasma membrane [GO:0005886]; presynapse [GO:0098793]; presynaptic active zone [GO:0048786]; presynaptic active zone cytoplasmic component [GO:0098831]; presynaptic membrane [GO:0042734]; synaptic vesicle membrane [GO:0030672]; terminal bouton [GO:0043195]; calcium ion binding [GO:0005509]; calmodulin binding [GO:0005516]; diacylglycerol binding [GO:0019992]; non-kinase phorbol ester receptor activity [GO:0001566]; phospholipid binding [GO:0005543]; syntaxin binding [GO:0019905]; syntaxin-1 binding [GO:0017075]; chemical synaptic transmission [GO:0007268]; dense core granule priming [GO:0061789]; intracellular signal transduction [GO:0035556]; negative regulation of synaptic plasticity [GO:0031914]; neuromuscular junction development [GO:0007528]; presynaptic dense core vesicle exocytosis [GO:0099525]; synaptic transmission, glutamatergic [GO:0035249]; synaptic vesicle docking [GO:0016081]; synaptic vesicle exocytosis [GO:0016079]; synaptic vesicle maturation [GO:0016188]; synaptic vesicle priming [GO:0016082]	Mus musculus (Mouse)	XP_026289139.1	35	1.08e-23	uncharacterized protein LOC113214088	[Frankliniella occidentalis]
L_var_00002-RA	chr1	241403	259811	+	SPU_019933	64.103	7.54e-28	none	none	none	Q9UII4	HERC5_HUMAN	29.752	1.92e-06	HERC5	E3 ISG15--protein ligase HERC5 (EC 2.3.2.-) (Cyclin-E-binding protein 1) (HECT domain and RCC1-like domain-containing protein 5)	cytosol [GO:0005829]; perinuclear region of cytoplasm [GO:0048471]; ISG15 transferase activity [GO:0042296]; RNA binding [GO:0003723]; ubiquitin-protein transferase activity [GO:0004842]; defense response to virus [GO:0051607]; innate immune response [GO:0045087]; ISG15-protein conjugation [GO:0032020]; negative regulation of type I interferon production [GO:0032480]; protein polyubiquitination [GO:0000209]; regulation of cyclin-dependent protein serine/threonine kinase activity [GO:0000079]; regulation of defense response to virus [GO:0050688]	Homo sapiens (Human)	XP_028415157.1	29.231	1.3e-34	uncharacterized protein LOC114538207 isoform X1	[Dendronephthya gigantea]
L_var_00132-RA	chr1	5609180	5622852	+	SPU_013115	75.589	0	Sp-Hypp_703	CAP_ED superfamily	hypothetical protein-703; cyclic nucleotide-binding domain containing protein	Q96M20	CNBD2_HUMAN	27.381	2.69e-19	CNBD2	Cyclic nucleotide-binding domain-containing protein 2	cytosol [GO:0005829]; cAMP binding [GO:0030552]; spermatogenesis [GO:0007283]	Homo sapiens (Human)	XP_022079600.1	35.727	4.93e-100	cyclic nucleotide-binding domain-containing protein 2-like isoform X3	[Acanthaster planci]
L_var_00046-RA	chr1	2322727	2323767	+	SPU_005159	59.649	1e-138	Sp-Chst2L_4	none	carbohydrate sulfotransferase 2-like-4	Q9GZX3	CHST6_HUMAN	28.653	6.99e-32	CHST6	Carbohydrate sulfotransferase 6 (EC 2.8.2.-) (Corneal N-acetylglucosamine-6-O-sulfotransferase) (C-GlcNAc6ST) (hCGn6ST) (Galactose/N-acetylglucosamine/N-acetylglucosamine 6-O-sulfotransferase 4-beta) (GST4-beta) (N-acetylglucosamine 6-O-sulfotransferase 5) (GlcNAc6ST-5) (Gn6st-5)	Golgi apparatus [GO:0005794]; Golgi membrane [GO:0000139]; integral component of membrane [GO:0016021]; trans-Golgi network [GO:0005802]; N-acetylglucosamine 6-O-sulfotransferase activity [GO:0001517]; carbohydrate metabolic process [GO:0005975]; keratan sulfate biosynthetic process [GO:0018146]; N-acetylglucosamine metabolic process [GO:0006044]; sulfur compound metabolic process [GO:0006790]	Homo sapiens (Human)	XP_022100324.1	34.259	6.6e-52	carbohydrate sulfotransferase 3-like	[Acanthaster planci]
L_var_00047-RA	chr1	2381003	2389471	+	NA	NA	NA	NA	NA	NA	NA	NA	NA	NA	NA	NA	NA	NA	NA	NA	NA	NA	NA
L_var_00128-RA	chr1	5457482	5486066	+	SPU_014655	96.122	0	Sp-Exoc1	Sec3	exocyst complex component 1, sec3	Q9NV70	EXOC1_HUMAN	44.908	0	EXOC1	Exocyst complex component 1 (Exocyst complex component Sec3)	cytoplasm [GO:0005737]; cytoplasmic side of apical plasma membrane [GO:0098592]; cytosol [GO:0005829]; exocyst [GO:0000145]; Flemming body [GO:0090543]; membrane [GO:0016020]; perinuclear region of cytoplasm [GO:0048471]; plasma membrane [GO:0005886]; GTP-Rho binding [GO:0017049]; phosphatidylinositol-4,5-bisphosphate binding [GO:0005546]; defense response to virus [GO:0051607]; exocyst localization [GO:0051601]; exocytosis [GO:0006887]; Golgi to plasma membrane transport [GO:0006893]; phosphatidylinositol-mediated signaling [GO:0048015]; positive regulation of protein secretion [GO:0050714]; protein transport [GO:0015031]; regulation of macroautophagy [GO:0016241]; viral process [GO:0016032]	Homo sapiens (Human)	XP_022079467.1	63.224	0	exocyst complex component 1-like isoform X2	[Acanthaster planci]
L_var_00053-RA	chr1	2477492	2478376	+	SPU_013533	59.727	6.87e-132	Sp-B3gnt5_4	none	UDP-GlcNAc:betaGal beta-1,3-N-acetylglucosaminyltransferase 5	Q6P3P5	B3GN5_XENTR	35.808	2.63e-37	b3gnt5	Lactosylceramide 1,3-N-acetyl-beta-D-glucosaminyltransferase (EC 2.4.1.206) (Lactotriaosylceramide synthase) (Lc(3)Cer synthase) (Lc3 synthase) (UDP-GlcNAc:beta-Gal beta-1,3-N-acetylglucosaminyltransferase 5) (BGnT-5) (Beta-1,3-Gn-T5) (Beta-1,3-N-acetylglucosaminyltransferase 5) (Beta3Gn-T5)	endoplasmic reticulum [GO:0005783]; Golgi apparatus [GO:0005794]; Golgi membrane [GO:0000139]; integral component of membrane [GO:0016021]; acetylgalactosaminyltransferase activity [GO:0008376]; acetylglucosaminyltransferase activity [GO:0008375]; beta-galactosyl-N-acetylglucosaminylgalactosylglucosyl-ceramide beta-1,3-acetylglucosaminyltransferase activity [GO:0008457]; galactosyltransferase activity [GO:0008378]; lactosylceramide 1,3-N-acetyl-beta-D-glucosaminyltransferase activity [GO:0047256]; N-acetyllactosaminide beta-1,3-N-acetylglucosaminyltransferase activity [GO:0008532]; transferase activity, transferring hexosyl groups [GO:0016758]; brain development [GO:0007420]; poly-N-acetyllactosamine biosynthetic process [GO:0030311]; protein glycosylation [GO:0006486]; protein O-linked glycosylation [GO:0006493]	Xenopus tropicalis (Western clawed frog) (Silurana tropicalis)	XP_002738821.1	33.083	8.76e-38	PREDICTED: beta-1,3-galactosyltransferase 1-like	[Saccoglossus kowalevskii]
L_var_00129-RA	chr1	5491472	5518964	+	SPU_027816	81.182	0	Sp-Tdo2_1	none	Tryptophan 2,3-dioxygenase  	B3NVC6	T23O_DROER	50.928	8.3e-119	v	Tryptophan 2,3-dioxygenase (TDO) (EC 1.13.11.11) (Protein vermilion) (Tryptamin 2,3-dioxygenase) (Tryptophan oxygenase) (TO) (TRPO) (Tryptophan pyrrolase) (Tryptophanase)	heme binding [GO:0020037]; metal ion binding [GO:0046872]; tryptophan 2,3-dioxygenase activity [GO:0004833]; ommochrome biosynthetic process [GO:0006727]; positive regulation of neuron death [GO:1901216]; protein homotetramerization [GO:0051289]; tryptophan catabolic process to kynurenine [GO:0019441]	Drosophila erecta (Fruit fly)	XP_022321079.1	54.57	9.42e-128	tryptophan 2,3-dioxygenase-like isoform X1	[Crassostrea virginica]
L_var_00013-RA	chr1	730404	733342	+	SPU_024569	61.682	2.64e-42	none	none	none	NA	NA	NA	NA	NA	NA	NA	NA	XP_022103577.1	35.069	2.45e-45	uncharacterized protein LOC110986198	[Acanthaster planci]
L_var_00031-RA	chr1	1674401	1679395	+	SPU_004835	49.315	2.07e-95	Sp-PppL_179	rve superfamily, RnaseH superfamily	pol polyprotein like-179	NA	NA	NA	NA	NA	NA	NA	NA	XP_006813839.1	39.216	4.28e-104	PREDICTED: uncharacterized protein LOC100372062	[Saccoglossus kowalevskii]
L_var_00113-RA	chr1	4778390	4804872	+	SPU_009536	62.707	1.79e-158	Sp-Hypp_50	Exo_endo_phos superfamily, RT-like superfamily, TSP_1 superfamily	hypothetical protein-50	NA	NA	NA	NA	NA	NA	NA	NA	XP_015761460.1	37.398	1.54e-71	PREDICTED: uncharacterized protein LOC107340609	[Acropora digitifera]
L_var_00078-RA	chr1	3557977	3559128	+	SPU_017651	75.332	0	Sp-Hypp2350	none	hypothetical protein-2350, Sp-Hypp_2350, Sp-Hypp_1328	P34456	YMD2_CAEEL	25.538	8.64e-27		Uncharacterized protein F54H12.2	cytosol [GO:0005829]; ribonucleoside-diphosphate reductase activity, thioredoxin disulfide as acceptor [GO:0004748]; deoxyribonucleotide biosynthetic process [GO:0009263]	Caenorhabditis elegans	XP_022110344.1	53.846	2.5e-144	uncharacterized protein F54H12.2-like	[Acanthaster planci]
L_var_00001-RA	chr1	48006	59294	+	SPU_025218	95.652	4.63e-26	none	none	none	NA	NA	NA	NA	NA	NA	NA	NA	NA	NA	NA	NA	NA
L_var_00060-RA	chr1	2784195	2799147	+	SPU_003055	64.888	0	Sp-Zc3p26	rve superfamily, RT-like superfamily	zinc finger (CCHC)-26	NA	NA	NA	NA	NA	NA	NA	NA	XP_029200885.1	34.766	4.49e-87	uncharacterized protein LOC114965387, partial	[Acropora millepora]
